issue_key,summary,matched_prefix,output_team_name,status,parsed_date,matched_date_text,quarter_label,sprint_key,included_flag,exclusion_reason,last_refresh_utc
RMM-125,ASAP: Quick Fix for Pay Now Button for Go-site,ASAP,ASAP,Done,,,,,no,missing_or_invalid_title_date,2026-07-16T19:35:58.888Z
RMM-141,"ASAP hot fix: A4 Homepage customization page missing locations drop down ""Customize home page for:""",ASAP,ASAP,Done,,,,,no,missing_or_invalid_title_date,2026-07-16T19:35:58.888Z
RMM-201,ASAP 4.89.1: Hot fix for Sev2 -  Reports using telerik are not working properly,ASAP,ASAP,Done,,,,,no,missing_or_invalid_title_date,2026-07-16T19:35:58.888Z
RMM-226,ASAP Hotfix: Punahou API Issue,ASAP,ASAP,Done,,,,,no,missing_or_invalid_title_date,2026-07-16T19:35:58.888Z
RMM-238,ASAP 4.91.0 - September 2nd,ASAP,ASAP,Done,,,,,no,missing_or_invalid_title_date,2026-07-16T19:35:58.888Z
RMM-241,ASAP 4.92.1 - September 11th,ASAP,ASAP,Done,,,,,no,missing_or_invalid_title_date,2026-07-16T19:35:58.888Z
RMM-242,ASAP 4.92.0 - September 9th,ASAP,ASAP,Done,,,,,no,missing_or_invalid_title_date,2026-07-16T19:35:58.888Z
RMM-263,ASAP Hotfix - September 23rd ,ASAP,ASAP,Done,,,,,no,missing_or_invalid_title_date,2026-07-16T19:35:58.888Z
RMM-264,ASAP 4.92.4 - September 30th,ASAP,ASAP,Done,,,,,no,missing_or_invalid_title_date,2026-07-16T19:35:58.888Z
RMM-274,ASAP 4.92.5 - October 16th,ASAP,ASAP,Done,,,,,no,missing_or_invalid_title_date,2026-07-16T19:35:58.888Z
RMM-28,ASAP Hot Fix: certificate correction for new client,ASAP,ASAP,Done,,,,,no,missing_or_invalid_title_date,2026-07-16T19:35:58.888Z
RMM-290,ASAP 4.92.6 - October 22nd,ASAP,ASAP,Done,,,,,no,missing_or_invalid_title_date,2026-07-16T19:35:58.888Z
RMM-291,ASAP 4.93.0 - October 30th,ASAP,ASAP,Done,,,,,no,missing_or_invalid_title_date,2026-07-16T19:35:58.888Z
RMM-297,ASAP 4.93.1,ASAP,ASAP,Done,,,,,no,missing_or_invalid_title_date,2026-07-16T19:35:58.888Z
RMM-304,ASAP 4.93.2 November 13th,ASAP,ASAP,Done,,,,,no,missing_or_invalid_title_date,2026-07-16T19:35:58.888Z
RMM-305,ASAP 4.93.4 November 20th,ASAP,ASAP,Done,,,,,no,missing_or_invalid_title_date,2026-07-16T19:35:58.888Z
RMM-425,ASAP 5.0.1,ASAP,ASAP,Done,,,,,no,missing_or_invalid_title_date,2026-07-16T19:35:58.888Z
RMM-46,ASAP - Sessions and Cookies,ASAP,ASAP,Done,,,,,no,missing_or_invalid_title_date,2026-07-16T19:35:58.888Z
RMM-47,ASAP - SSN not encrypted when running reports,ASAP,ASAP,Done,,,,,no,missing_or_invalid_title_date,2026-07-16T19:35:58.888Z
RMM-540,ASAP -  Hotfix for Sev1 - Org can see other orgs students info (Data Protection/PII),ASAP,ASAP,Done,,,,,no,missing_or_invalid_title_date,2026-07-16T19:35:58.888Z
RMM-584,ASAP Release - TBD,ASAP,ASAP,Canceled,,,,,no,status_not_done,2026-07-16T19:35:58.888Z
RMM-620,ASAP - Hotfix for Sev2 on guest check out donations,ASAP,ASAP,Done,,,,,no,missing_or_invalid_title_date,2026-07-16T19:35:58.888Z
RMM-626,ASAP - Release 5.2.19 Hotfix Sev2,ASAP,ASAP,Done,,,,,no,missing_or_invalid_title_date,2026-07-16T19:35:58.888Z
RMM-661,"ASAP - Release 5.2.22 , February 5",ASAP,ASAP,Done,,,,,no,missing_or_invalid_title_date,2026-07-16T19:35:58.888Z
RMM-68,ASAP Hotfix 4.76.1,ASAP,ASAP,Done,,,,,no,missing_or_invalid_title_date,2026-07-16T19:35:58.888Z
RMM-71,ASAP March 19th Releases 4.78.0,ASAP,ASAP,Done,,,,,no,missing_or_invalid_title_date,2026-07-16T19:35:58.888Z
RMM-82,ASAP: Hot fix for OV-56588 Unable to save cc info for a non-US client (Aus),ASAP,ASAP,Done,,,,,no,missing_or_invalid_title_date,2026-07-16T19:35:58.888Z
RMM-99,ASAP Hot fix: Remove lines from Certificate of one Center,ASAP,ASAP,Done,,,,,no,missing_or_invalid_title_date,2026-07-16T19:35:58.888Z
RMM-63,"ASAP: March 12th, 2024",ASAP,ASAP,Done,2024-03-12,"March 12th, 2024",2024-Q1,,no,before_2025,2026-07-16T19:35:58.888Z
RMM-80,"ASAP Releases April, 2nd 2024",ASAP,ASAP,Done,2024-04-02,"April, 2nd 2024",2024-Q2,,no,before_2025,2026-07-16T19:35:58.888Z
RMM-86,"ASAP Releases April 9th, 2024",ASAP,ASAP,Done,2024-04-09,"April 9th, 2024",2024-Q2,,no,before_2025,2026-07-16T19:35:58.888Z
RMM-106,"ASAP Releases April 30th, 2024",ASAP,ASAP,Done,2024-04-30,"April 30th, 2024",2024-Q2,,no,before_2025,2026-07-16T19:35:58.888Z
RMM-111,"ASAP Releases May, 7th 2024",ASAP,ASAP,Done,2024-05-07,"May, 7th 2024",2024-Q2,,no,before_2025,2026-07-16T19:35:58.888Z
RMM-120,"ASAP Releases May 29th, 2024",ASAP,ASAP,Done,2024-05-29,"May 29th, 2024",2024-Q2,,no,before_2025,2026-07-16T19:35:58.888Z
RMM-139,ASAP: Releases June 5th 2024,ASAP,ASAP,Done,2024-06-05,June 5th 2024,2024-Q2,,no,before_2025,2026-07-16T19:35:58.888Z
RMM-150,"ASAP Release  - June 19th, 2024",ASAP,ASAP,Done,2024-06-19,"June 19th, 2024",2024-Q2,,no,before_2025,2026-07-16T19:35:58.888Z
RMM-167,"ASAP Releases for July 3rd, 2024",ASAP,ASAP,Done,2024-07-03,"July 3rd, 2024",2024-Q3,,no,before_2025,2026-07-16T19:35:58.888Z
RMM-173,"ASAP Releases July 16th, 2024",ASAP,ASAP,Done,2024-07-16,"July 16th, 2024",2024-Q3,,no,before_2025,2026-07-16T19:35:58.888Z
RMM-185,"ASAP Releases July 23rd, 2024",ASAP,ASAP,Done,2024-07-23,"July 23rd, 2024",2024-Q3,,no,before_2025,2026-07-16T19:35:58.888Z
RMM-202,"ASAP Releases August 7th, 2024",ASAP,ASAP,Done,2024-08-07,"August 7th, 2024",2024-Q3,,no,before_2025,2026-07-16T19:35:58.888Z
RMM-223,"ASAP: Release for August 21st, 2024 ",ASAP,ASAP,Done,2024-08-21,"August 21st, 2024",2024-Q3,,no,before_2025,2026-07-16T19:35:58.888Z
RMM-322,ASAP 4.93.3 - 2024/11/14(Hotfix),ASAP,ASAP,Done,2024-11-14,2024/11/14,2024-Q4,,no,before_2025,2026-07-16T19:35:58.888Z
RMM-326,ASAP - 2024/11/22(Hotfix),ASAP,ASAP,Done,2024-11-22,2024/11/22,2024-Q4,,no,before_2025,2026-07-16T19:35:58.888Z
RMM-323,ASAP 4.93.5 - 2024/11/27,ASAP,ASAP,Done,2024-11-27,2024/11/27,2024-Q4,,no,before_2025,2026-07-16T19:35:58.888Z
RMM-331,"ASAP 4.94.0 - December 11, 2024",ASAP,ASAP,Done,2024-12-11,"December 11, 2024",2024-Q4,,no,before_2025,2026-07-16T19:35:58.888Z
RMM-334,ASAP 4.94.1 - 2024/12/26,ASAP,ASAP,Done,2024-12-26,2024/12/26,2024-Q4,,no,before_2025,2026-07-16T19:35:58.888Z
RMM-344,"ASAP 4.94.2 - January 15, 2025",ASAP,ASAP,Done,2025-01-15,"January 15, 2025",2025-Q1,2025-Q1-S1,yes,,2026-07-16T19:35:58.888Z
RMM-352,ASAP 4.94.3 - 2025/01/22,ASAP,ASAP,Done,2025-01-22,2025/01/22,2025-Q1,2025-Q1-S2,yes,,2026-07-16T19:35:58.888Z
RMM-356,ASAP 4.95.0 - 2025/01/29,ASAP,ASAP,Done,2025-01-29,2025/01/29,2025-Q1,2025-Q1-S2,yes,,2026-07-16T19:35:58.888Z
RMM-380,ASAP 4.95.1 - 2025/02/12,ASAP,ASAP,Done,2025-02-12,2025/02/12,2025-Q1,2025-Q1-S3,yes,,2026-07-16T19:35:58.888Z
RMM-396,ASAP Hotfix 4.95.2 - 2025/02/13,ASAP,ASAP,Done,2025-02-13,2025/02/13,2025-Q1,2025-Q1-S4,yes,,2026-07-16T19:35:58.888Z
RMM-403,ASAP Hotfix 4.95.3 - 2025/02/25,ASAP,ASAP,Done,2025-02-25,2025/02/25,2025-Q1,2025-Q1-S4,yes,,2026-07-16T19:35:58.888Z
RMM-395,ASAP 4.95.4 - 2025/02/26,ASAP,ASAP,Done,2025-02-26,2025/02/26,2025-Q1,2025-Q1-S4,yes,,2026-07-16T19:35:58.888Z
RMM-404,ASAP 4.96.0 - 2025/03/04,ASAP,ASAP,Done,2025-03-04,2025/03/04,2025-Q1,2025-Q1-S5,yes,,2026-07-16T19:35:58.888Z
RMM-366,ASAP 4.96.0 - 03/18/25,ASAP,ASAP,Done,2025-03-18,03/18/25,2025-Q1,2025-Q1-S6,yes,,2026-07-16T19:35:58.888Z
RMM-426,ASAP Hotfix - 5.0.2 - 2025/03/19,ASAP,ASAP,Done,2025-03-19,2025/03/19,2025-Q1,2025-Q1-S6,yes,,2026-07-16T19:35:58.888Z
RMM-427,ASAP 5.0.3 - 2025/04/01,ASAP,ASAP,Done,2025-04-01,2025/04/01,2025-Q2,2025-Q2-S1,yes,,2026-07-16T19:35:58.888Z
RMM-439,ASAP 5.1.0 - 2025/04/22,ASAP,ASAP,Done,2025-04-22,2025/04/22,2025-Q2,2025-Q2-S2,yes,,2026-07-16T19:35:58.888Z
RMM-448,ASAP 5.1.1: 04/24/2025,ASAP,ASAP,Done,2025-04-24,04/24/2025,2025-Q2,2025-Q2-S2,yes,,2026-07-16T19:35:58.888Z
RMM-458,ASAP 5.1.3: 05/06/2025,ASAP,ASAP,Done,2025-05-06,05/06/2025,2025-Q2,2025-Q2-S3,yes,,2026-07-16T19:35:58.888Z
RMM-465,ASAP 5.1.5: 05/20/2025,ASAP,ASAP,Done,2025-05-20,05/20/2025,2025-Q2,2025-Q2-S4,yes,,2026-07-16T19:35:58.888Z
RMM-472,ASAP 5.2.0: 05/22/2025,ASAP,ASAP,Done,2025-05-22,05/22/2025,2025-Q2,2025-Q2-S4,yes,,2026-07-16T19:35:58.888Z
RMM-481,ASAP 5.2.1: 05/29/2025,ASAP,ASAP,Done,2025-05-29,05/29/2025,2025-Q2,2025-Q2-S5,yes,,2026-07-16T19:35:58.888Z
RMM-492,ASAP 5.2.3: 06/12/2025,ASAP,ASAP,Canceled,2025-06-12,06/12/2025,2025-Q2,2025-Q2-S6,no,status_not_done,2026-07-16T19:35:58.888Z
RMM-497,ASAP 5.2.3: 06/12/2025,ASAP,ASAP,Done,2025-06-12,06/12/2025,2025-Q2,2025-Q2-S6,yes,,2026-07-16T19:35:58.888Z
RMM-500,ASAP 5.2.4: 06/17/2025,ASAP,ASAP,Done,2025-06-17,06/17/2025,2025-Q2,2025-Q2-S6,yes,,2026-07-16T19:35:58.888Z
RMM-505,ASAP 5.2.5: 06/26/2025,ASAP,ASAP,Done,2025-06-26,06/26/2025,2025-Q2,2025-Q2-S6,yes,,2026-07-16T19:35:58.888Z
RMM-516,ASAP 5.2.6: 07/08/2025,ASAP,ASAP,Done,2025-07-08,07/08/2025,2025-Q3,2025-Q3-S1,yes,,2026-07-16T19:35:58.888Z
RMM-520,ASAP 5.2.8: 07/15/2025,ASAP,ASAP,Done,2025-07-15,07/15/2025,2025-Q3,2025-Q3-S1,yes,,2026-07-16T19:35:58.888Z
RMM-527,ASAP 5.2.9: 07/22/2025,ASAP,ASAP,Done,2025-07-22,07/22/2025,2025-Q3,2025-Q3-S2,yes,,2026-07-16T19:35:58.888Z
RMM-533,ASAP 5.2.10: 07/29/2025,ASAP,ASAP,Done,2025-07-29,07/29/2025,2025-Q3,2025-Q3-S2,yes,,2026-07-16T19:35:58.888Z
RMM-534,ASAP 5.2.11: 07/31/2025,ASAP,ASAP,Done,2025-07-31,07/31/2025,2025-Q3,2025-Q3-S3,yes,,2026-07-16T19:35:58.888Z
RMM-545,"ASAP 5.2.12 - August 12, 2025",ASAP,ASAP,Done,2025-08-12,"August 12, 2025",2025-Q3,2025-Q3-S3,yes,,2026-07-16T19:35:58.888Z
RMM-552,"ASAP Release - August 19 , 2025",ASAP,ASAP,Done,2025-08-19,"August 19 , 2025",2025-Q3,2025-Q3-S4,yes,,2026-07-16T19:35:58.888Z
RMM-562,"ASAP Release - August 28 , 2025",ASAP,ASAP,Done,2025-08-28,"August 28 , 2025",2025-Q3,2025-Q3-S5,yes,,2026-07-16T19:35:58.888Z
RMM-592,"ASAP Release 5.2.15 - October 7, 2025",ASAP,ASAP,Done,2025-10-07,"October 7, 2025",2025-Q4,2025-Q4-S1,yes,,2026-07-16T19:35:58.888Z
RMM-603,"ASAP 5.2.16 - October 21, 2025",ASAP,ASAP,Done,2025-10-21,"October 21, 2025",2025-Q4,2025-Q4-S2,yes,,2026-07-16T19:35:58.888Z
RMM-617,"ASAP 5.2.18 - November 4, 2025",ASAP,ASAP,Canceled,2025-11-04,"November 4, 2025",2025-Q4,2025-Q4-S3,no,status_not_done,2026-07-16T19:35:58.888Z
RMM-618,"ASAP Release 5.2.17 - November 6th ,2025",ASAP,ASAP,Done,2025-11-06,"November 6th ,2025",2025-Q4,2025-Q4-S3,yes,,2026-07-16T19:35:58.888Z
RMM-631,"ASAP - Hotfix for Sev2 5.2.20 - November 25, 2025",ASAP,ASAP,Done,2025-11-25,"November 25, 2025",2025-Q4,2025-Q4-S4,yes,,2026-07-16T19:35:58.888Z
RMM-630,ASAP - Release 5.2.21 - January 6 2026,ASAP,ASAP,Done,2026-01-06,January 6 2026,2026-Q1,2026-Q1-S1,yes,,2026-07-16T19:35:58.888Z
RMM-695,"ASAP 5.2.23 - April 9 , 2026",ASAP,ASAP,Done,2026-04-09,"April 9 , 2026",2026-Q2,2026-Q2-S1,yes,,2026-07-16T19:35:58.888Z
RMM-737,"ASAP 5.2.22.b - June 25 , 2026",ASAP,ASAP,Done,2026-06-25,"June 25 , 2026",2026-Q2,2026-Q2-S6,yes,,2026-07-16T19:35:58.888Z
RMM-756,ASAP - Release 5.2.22.c  07/14/2026,ASAP,ASAP,Done,2026-07-14,07/14/2026,2026-Q3,2026-Q3-S1,yes,,2026-07-16T19:35:58.888Z
RMM-259,SmartCare DataMart Initial Release,Smartcare,Smartcare,Done,,,,,no,missing_or_invalid_title_date,2026-07-16T19:35:58.888Z
RMM-287,SmartCare Data Mart 1.2.0,Smartcare,Smartcare,Done,,,,,no,missing_or_invalid_title_date,2026-07-16T19:35:58.888Z
RMM-29,Smartcare: Migration of Accounting and Messaging from AngularJS to Angular 17 ,Smartcare,Smartcare,Done,,,,,no,missing_or_invalid_title_date,2026-07-16T19:35:58.888Z
RMM-308,Smartcare 6.12.1 - Release upon validation - Sigma Report Batch,Smartcare,Smartcare,Done,,,,,no,missing_or_invalid_title_date,2026-07-16T19:35:58.888Z
RMM-311,Smartcare 6.14.1 - Release upon validation - Sigma Report Batch,Smartcare,Smartcare,Done,,,,,no,missing_or_invalid_title_date,2026-07-16T19:35:58.888Z
RMM-316,Smartcare 6.13.1 - Hot Fix for SEV 2 related to payment issue,Smartcare,Smartcare,Done,,,,,no,missing_or_invalid_title_date,2026-07-16T19:35:58.888Z
RMM-346,SmartCare Data Mart 1.9.0,Smartcare,Smartcare,Done,,,,,no,missing_or_invalid_title_date,2026-07-16T19:35:58.888Z
RMM-483,Smartcare - Hot fix - 6.25.1 - Fix issue where SMS messages are not being delivered,Smartcare,Smartcare,Done,,,,,no,missing_or_invalid_title_date,2026-07-16T19:35:58.888Z
RMM-608,Smartcare 6.33.2 - Hotfix - ASAP,Smartcare,Smartcare,Done,,,,,no,missing_or_invalid_title_date,2026-07-16T19:35:58.888Z
RMM-267,"Smartcare Release - October 1, 2024",Smartcare,Smartcare,Done,2024-10-01,"October 1, 2024",2024-Q4,,no,before_2025,2026-07-16T19:35:58.888Z
RMM-277,"Smartcare Release - Oct 9th, 2024",Smartcare,Smartcare,Done,2024-10-09,"Oct 9th, 2024",2024-Q4,,no,before_2025,2026-07-16T19:35:58.888Z
RMM-279,"SmartCare Analytics DataMart 1.1.0 - Oct 11, 2024",Smartcare,Smartcare,Done,2024-10-11,"Oct 11, 2024",2024-Q4,,no,before_2025,2026-07-16T19:35:58.888Z
RMM-285,"SmartCare 6.11.0 - October 30th, 2024",Smartcare,Smartcare,Done,2024-10-30,"October 30th, 2024",2024-Q4,,no,before_2025,2026-07-16T19:35:58.888Z
RMM-300,"Smartcare Release - November 4th, 2024 (6.12.0)",Smartcare,Smartcare,Done,2024-11-04,"November 4th, 2024",2024-Q4,,no,before_2025,2026-07-16T19:35:58.888Z
RMM-307,"Smartcare 6.13.0 - November 12th, 2024",Smartcare,Smartcare,Done,2024-11-12,"November 12th, 2024",2024-Q4,,no,before_2025,2026-07-16T19:35:58.888Z
RMM-313,"Smartcare 6.14.0 - November 19th, 2024",Smartcare,Smartcare,Done,2024-11-19,"November 19th, 2024",2024-Q4,,no,before_2025,2026-07-16T19:35:58.888Z
RMM-321,"Smartcare 6.15.0 - November 26th, 2024",Smartcare,Smartcare,Done,2024-11-26,"November 26th, 2024",2024-Q4,,no,before_2025,2026-07-16T19:35:58.888Z
RMM-327,"Smartcare 6.16.0 - December 3rd, 2024",Smartcare,Smartcare,Done,2024-12-03,"December 3rd, 2024",2024-Q4,,no,before_2025,2026-07-16T19:35:58.888Z
RMM-329,"Smartcare 6.17.0 - December 10th, 2024",Smartcare,Smartcare,Done,2024-12-10,"December 10th, 2024",2024-Q4,,no,before_2025,2026-07-16T19:35:58.888Z
RMM-333,"Smartcare 6.18.0 - January 21st, 2025",Smartcare,Smartcare,Done,2025-01-21,"January 21st, 2025",2025-Q1,2025-Q1-S2,yes,,2026-07-16T19:35:58.888Z
RMM-361,"Smartcare 6.18.1 - Hot Fix January 22nd, 2025",Smartcare,Smartcare,Done,2025-01-22,"January 22nd, 2025",2025-Q1,2025-Q1-S2,yes,,2026-07-16T19:35:58.888Z
RMM-360,"Smartcare 6.19.0 - January 28th, 2025",Smartcare,Smartcare,Done,2025-01-28,"January 28th, 2025",2025-Q1,2025-Q1-S2,yes,,2026-07-16T19:35:58.888Z
RMM-369,"SmartCare Data Mart 1.10.0, 2/5/25",Smartcare,Smartcare,Done,2025-02-05,2/5/25,2025-Q1,2025-Q1-S3,yes,,2026-07-16T19:35:58.888Z
RMM-365,"Smartcare 6.20.0 - February 11th, 2025",Smartcare,Smartcare,Done,2025-02-11,"February 11th, 2025",2025-Q1,2025-Q1-S3,yes,,2026-07-16T19:35:58.888Z
RMM-379,"SmartCare Data Mart 1.11.0, 2/12/25",Smartcare,Smartcare,Done,2025-02-12,2/12/25,2025-Q1,2025-Q1-S3,yes,,2026-07-16T19:35:58.888Z
RMM-391,"Smartcare 6.20.1 - February 18th, 2025",Smartcare,Smartcare,Done,2025-02-18,"February 18th, 2025",2025-Q1,2025-Q1-S4,yes,,2026-07-16T19:35:58.888Z
RMM-394,"Smartcare 6.21.0 - February 25th, 2025",Smartcare,Smartcare,Done,2025-02-25,"February 25th, 2025",2025-Q1,2025-Q1-S4,yes,,2026-07-16T19:35:58.888Z
RMM-402,"Smartcare 6.22.0 - March 4th, 2025",Smartcare,Smartcare,Done,2025-03-04,"March 4th, 2025",2025-Q1,2025-Q1-S5,yes,,2026-07-16T19:35:58.888Z
RMM-415,"Smartcare 6.23.0 - March 18th, 2025",Smartcare,Smartcare,Done,2025-03-18,"March 18th, 2025",2025-Q1,2025-Q1-S6,yes,,2026-07-16T19:35:58.888Z
RMM-435,"Smartcare 6.24.0 - April 8th, 2025",Smartcare,Smartcare,Done,2025-04-08,"April 8th, 2025",2025-Q2,2025-Q2-S1,yes,,2026-07-16T19:35:58.888Z
RMM-449,"Smartcare - Hotfix 6.24.1 - April 21, 2025",Smartcare,Smartcare,Done,2025-04-21,"April 21, 2025",2025-Q2,2025-Q2-S2,yes,,2026-07-16T19:35:58.888Z
RMM-471,"Smartcare - 6.25.0 - May 20th, 2025",Smartcare,Smartcare,Done,2025-05-20,"May 20th, 2025",2025-Q2,2025-Q2-S4,yes,,2026-07-16T19:35:58.888Z
RMM-486,"Smartcare - 6.26.0 - June 3rd, 2025",Smartcare,Smartcare,Done,2025-06-03,"June 3rd, 2025",2025-Q2,2025-Q2-S5,yes,,2026-07-16T19:35:58.888Z
RMM-515,Smartcare - 6.26.1 - July 8th 2025,Smartcare,Smartcare,Done,2025-07-08,July 8th 2025,2025-Q3,2025-Q3-S1,yes,,2026-07-16T19:35:58.888Z
RMM-530,"Smartcare 6.27.0 - July 31st, 2025",Smartcare,Smartcare,Done,2025-07-31,"July 31st, 2025",2025-Q3,2025-Q3-S3,yes,,2026-07-16T19:35:58.888Z
RMM-547,"Smartcare 6.28.0 - Bulk Download - August 11th, 2025",Smartcare,Smartcare,Done,2025-08-11,"August 11th, 2025",2025-Q3,2025-Q3-S3,yes,,2026-07-16T19:35:58.888Z
RMM-555,"Smartcare 6.29.0 - August 19th, 2025",Smartcare,Smartcare,Done,2025-08-19,"August 19th, 2025",2025-Q3,2025-Q3-S4,yes,,2026-07-16T19:35:58.888Z
RMM-560,"Smartcare 6.30.0 - August 26, 2025",Smartcare,Smartcare,Done,2025-08-26,"August 26, 2025",2025-Q3,2025-Q3-S4,yes,,2026-07-16T19:35:58.888Z
RMM-567,"Smartcare 6.31.0 - September 2, 2025",Smartcare,Smartcare,Done,2025-09-02,"September 2, 2025",2025-Q3,2025-Q3-S5,yes,,2026-07-16T19:35:58.888Z
RMM-579,"Smartcare 6.31.1 - Hot Fix - September 23rd, 2025",Smartcare,Smartcare,Done,2025-09-23,"September 23rd, 2025",2025-Q3,2025-Q3-S6,yes,,2026-07-16T19:35:58.888Z
RMM-585,"Smartcare Release - 6.32.0 - September 30th, 2025",Smartcare,Smartcare,Done,2025-09-30,"September 30th, 2025",2025-Q3,2025-Q3-S6,yes,,2026-07-16T19:35:58.888Z
RMM-591,"Smartcare 6.32.1 - Mend Remediations - October 7th, 2025",Smartcare,Smartcare,Done,2025-10-07,"October 7th, 2025",2025-Q4,2025-Q4-S1,yes,,2026-07-16T19:35:58.888Z
RMM-593,"Smartcare 6.33.0 - October 14th, 2025",Smartcare,Smartcare,Done,2025-10-14,"October 14th, 2025",2025-Q4,2025-Q4-S1,yes,,2026-07-16T19:35:58.888Z
RMM-600,"Smartcare 6.33.1 - October 21st, 2025",Smartcare,Smartcare,Done,2025-10-21,"October 21st, 2025",2025-Q4,2025-Q4-S2,yes,,2026-07-16T19:35:58.888Z
RMM-610,"Smartcare 6.34.0 - November 10th, 2025",Smartcare,Smartcare,Done,2025-11-10,"November 10th, 2025",2025-Q4,2025-Q4-S3,yes,,2026-07-16T19:35:58.888Z
RMM-621,"Smartcare 6.35.0 - November 18th, 2025",Smartcare,Smartcare,Done,2025-11-18,"November 18th, 2025",2025-Q4,2025-Q4-S4,yes,,2026-07-16T19:35:58.888Z
RMM-625,"Smartcare 6.36.0 - November 25th, 2025",Smartcare,Smartcare,Done,2025-11-25,"November 25th, 2025",2025-Q4,2025-Q4-S4,yes,,2026-07-16T19:35:58.888Z
RMM-628,"Smartcare 6.37.0 - December 2nd, 2025",Smartcare,Smartcare,Done,2025-12-02,"December 2nd, 2025",2025-Q4,2025-Q4-S5,yes,,2026-07-16T19:35:58.888Z
RMM-632,"Smartcare 6.38.0 - December 9th, 2025",Smartcare,Smartcare,Done,2025-12-09,"December 9th, 2025",2025-Q4,2025-Q4-S5,yes,,2026-07-16T19:35:58.888Z
RMM-644,"Smartcare 6.39.0 - January 20th, 2026",Smartcare,Smartcare,Done,2026-01-20,"January 20th, 2026",2026-Q1,2026-Q1-S1,yes,,2026-07-16T19:35:58.888Z
RMM-655,"Smartcare 6.40.0 - Jan 29th, 2026",Smartcare,Smartcare,Done,2026-01-29,"Jan 29th, 2026",2026-Q1,2026-Q1-S2,yes,,2026-07-16T19:35:58.888Z
RMM-656,"Smartcare 6.41.0 - February 3rd, 2026",Smartcare,Smartcare,Done,2026-02-03,"February 3rd, 2026",2026-Q1,2026-Q1-S2,yes,,2026-07-16T19:35:58.888Z
RMM-662,"Smartcare 6.42.0 - February 10th, 2026",Smartcare,Smartcare,Done,2026-02-10,"February 10th, 2026",2026-Q1,2026-Q1-S3,yes,,2026-07-16T19:35:58.888Z
RMM-668,"Smartcare 6.43.0 - February 24th, 2026",Smartcare,Smartcare,Done,2026-02-24,"February 24th, 2026",2026-Q1,2026-Q1-S4,yes,,2026-07-16T19:35:58.888Z
RMM-674,"Smartcare 6.44.0 - March 3rd, 2026",Smartcare,Smartcare,Done,2026-03-03,"March 3rd, 2026",2026-Q1,2026-Q1-S4,yes,,2026-07-16T19:35:58.888Z
RMM-684,"Smartcare 6.45.0 - March 17th, 2026",Smartcare,Smartcare,Done,2026-03-17,"March 17th, 2026",2026-Q1,2026-Q1-S5,yes,,2026-07-16T19:35:58.888Z
RMM-689,"Smartcare 6.46.0 - March 24th, 2026",Smartcare,Smartcare,Done,2026-03-24,"March 24th, 2026",2026-Q1,2026-Q1-S6,yes,,2026-07-16T19:35:58.888Z
RMM-690,"Smartcare 6.46.1 - March 26th, 2026",Smartcare,Smartcare,Done,2026-03-26,"March 26th, 2026",2026-Q1,2026-Q1-S6,yes,,2026-07-16T19:35:58.888Z
RMM-696,"Smartcare 6.47.0 - April 7th, 2026",Smartcare,Smartcare,Done,2026-04-07,"April 7th, 2026",2026-Q2,2026-Q2-S1,yes,,2026-07-16T19:35:58.888Z
RMM-706,"Smartcare 6.48.0 - April 28th, 2026",Smartcare,Smartcare,Done,2026-04-28,"April 28th, 2026",2026-Q2,2026-Q2-S2,yes,,2026-07-16T19:35:58.888Z
RMM-710,"Smartcare 6.49.0 - May 5th, 2026",Smartcare,Smartcare,Done,2026-05-05,"May 5th, 2026",2026-Q2,2026-Q2-S2,yes,,2026-07-16T19:35:58.888Z
RMM-713,"Smartcare 6.49.1 - May 12, 2026",Smartcare,Smartcare,Done,2026-05-12,"May 12, 2026",2026-Q2,2026-Q2-S3,yes,,2026-07-16T19:35:58.888Z
RMM-717,"Smartcare 6.50.0 - May 26, 2026",Smartcare,Smartcare,Done,2026-05-26,"May 26, 2026",2026-Q2,2026-Q2-S4,yes,,2026-07-16T19:35:58.888Z
RMM-727,"Smartcare 6.51.0 - June 9th, 2026",Smartcare,Smartcare,Done,2026-06-09,"June 9th, 2026",2026-Q2,2026-Q2-S5,yes,,2026-07-16T19:35:58.888Z
RMM-730,"Smartcare 6.52.0 - June 16th, 2026",Smartcare,Smartcare,Done,2026-06-16,"June 16th, 2026",2026-Q2,2026-Q2-S5,yes,,2026-07-16T19:35:58.888Z
RMM-734,"Smartcare 6.52.1 - June 22nd, 2026",Smartcare,Smartcare,Done,2026-06-22,"June 22nd, 2026",2026-Q2,2026-Q2-S6,yes,,2026-07-16T19:35:58.888Z
RMM-738,"Smartcare 6.52.2 - June 23rd, 2026",Smartcare,Smartcare,Done,2026-06-23,"June 23rd, 2026",2026-Q2,2026-Q2-S6,yes,,2026-07-16T19:35:58.888Z
RMM-739,"Smartcare 6.53.0 - June 30th, 2026",Smartcare,Smartcare,Done,2026-06-30,"June 30th, 2026",2026-Q2,2026-Q2-S6,yes,,2026-07-16T19:35:58.888Z
RMM-750,"Smartcare 6.53.1 (Hotfix) - July 7th, 2026",Smartcare,Smartcare,Approved,2026-07-07,"July 7th, 2026",2026-Q3,2026-Q3-S1,no,status_not_done,2026-07-16T19:35:58.888Z
RMM-754,"Smartcare 6.54.0 - July 14, 2026",Smartcare,Smartcare,Approved,2026-07-14,"July 14, 2026",2026-Q3,2026-Q3-S1,no,status_not_done,2026-07-16T19:35:58.888Z
RMM-758,"Smartcare 6.55.0 - July 21st,2026",Smartcare,Smartcare,Requested,2026-07-21,"July 21st,2026",2026-Q3,2026-Q3-S1,no,status_not_done,2026-07-16T19:35:58.888Z
RMM-30,CXP HOTFIX Config Update to Address VE Box Office / reCAPTCHA issue ,CXP,Team Connexpoint,Done,,,,,no,missing_or_invalid_title_date,2026-07-16T19:35:58.888Z
RMM-669,CXP NOTICE: ACST - v2 Tokenize - reCAPTCHA & Sardine Enablement,CXP,Team Connexpoint,Done,,,,,no,missing_or_invalid_title_date,2026-07-16T19:35:58.888Z
RMM-729,"CXP Release - June XY, 2026",CXP,Team Connexpoint,Canceled,,,,,no,status_not_done,2026-07-16T19:35:58.888Z
RMM-740,"CXP Release - July XX, 2026",CXP,Team Connexpoint,Canceled,,,,,no,status_not_done,2026-07-16T19:35:58.888Z
RMM-9,CXP Releases - Feb 5th 2024,CXP,Team Connexpoint,Done,2024-02-05,Feb 5th 2024,2024-Q1,,no,before_2025,2026-07-16T19:35:58.888Z
RMM-12,CXP Releases - Feb 12th 2024,CXP,Team Connexpoint,Done,2024-02-12,Feb 12th 2024,2024-Q1,,no,before_2025,2026-07-16T19:35:58.888Z
RMM-27,CXP Releases - Feb 19th 2024,CXP,Team Connexpoint,Done,2024-02-19,Feb 19th 2024,2024-Q1,,no,before_2025,2026-07-16T19:35:58.888Z
RMM-35,CXP Releases - Feb 26th 2024,CXP,Team Connexpoint,Done,2024-02-26,Feb 26th 2024,2024-Q1,,no,before_2025,2026-07-16T19:35:58.888Z
RMM-42,CXP Releases - 3/4/2024,CXP,Team Connexpoint,Done,2024-03-04,3/4/2024,2024-Q1,,no,before_2025,2026-07-16T19:35:58.888Z
RMM-56,CXP Releases - 3/11/2024,CXP,Team Connexpoint,Done,2024-03-11,3/11/2024,2024-Q1,,no,before_2025,2026-07-16T19:35:58.888Z
RMM-66,CXP release - 3/19/2024,CXP,Team Connexpoint,Done,2024-03-19,3/19/2024,2024-Q1,,no,before_2025,2026-07-16T19:35:58.888Z
RMM-78,CXP Releases - 4/2/2024,CXP,Team Connexpoint,Done,2024-04-02,4/2/2024,2024-Q2,,no,before_2025,2026-07-16T19:35:58.888Z
RMM-85,CXP reCAPTCHA config Change - 4/2/2024,CXP,Team Connexpoint,Done,2024-04-02,4/2/2024,2024-Q2,,no,before_2025,2026-07-16T19:35:58.888Z
RMM-84,CXP Releases - 4/9/2024,CXP,Team Connexpoint,Done,2024-04-09,4/9/2024,2024-Q2,,no,before_2025,2026-07-16T19:35:58.888Z
RMM-93,CXP Releases - 04/16/2024,CXP,Team Connexpoint,Done,2024-04-16,04/16/2024,2024-Q2,,no,before_2025,2026-07-16T19:35:58.888Z
RMM-104,CXP Releases - 4/30/2024,CXP,Team Connexpoint,Done,2024-04-30,4/30/2024,2024-Q2,,no,before_2025,2026-07-16T19:35:58.888Z
RMM-112,CXP Release - 5/7/2024,CXP,Team Connexpoint,Done,2024-05-07,5/7/2024,2024-Q2,,no,before_2025,2026-07-16T19:35:58.888Z
RMM-116,CXP Prod Cert Update 5/8/2024,CXP,Team Connexpoint,Done,2024-05-08,5/8/2024,2024-Q2,,no,before_2025,2026-07-16T19:35:58.888Z
RMM-119,CXP releases - 05/14/2024,CXP,Team Connexpoint,Done,2024-05-14,05/14/2024,2024-Q2,,no,before_2025,2026-07-16T19:35:58.888Z
RMM-127,CXP Release - 5/21/2024,CXP,Team Connexpoint,Done,2024-05-21,5/21/2024,2024-Q2,,no,before_2025,2026-07-16T19:35:58.888Z
RMM-131,CXP Releases - 05/29/2024,CXP,Team Connexpoint,Done,2024-05-29,05/29/2024,2024-Q2,,no,before_2025,2026-07-16T19:35:58.888Z
RMM-154,CXP Releases - 06/18/2024,CXP,Team Connexpoint,Done,2024-06-18,06/18/2024,2024-Q2,,no,before_2025,2026-07-16T19:35:58.888Z
RMM-158,CXP Releases - 06/25/2024,CXP,Team Connexpoint,Done,2024-06-25,06/25/2024,2024-Q2,,no,before_2025,2026-07-16T19:35:58.888Z
RMM-164,CXP Release - 07/02/2024,CXP,Team Connexpoint,Done,2024-07-02,07/02/2024,2024-Q3,,no,before_2025,2026-07-16T19:35:58.888Z
RMM-170,CXP Release - 07/09/2024,CXP,Team Connexpoint,Done,2024-07-09,07/09/2024,2024-Q3,,no,before_2025,2026-07-16T19:35:58.888Z
RMM-179,CXP Release - 07/23/2024,CXP,Team Connexpoint,Done,2024-07-23,07/23/2024,2024-Q3,,no,before_2025,2026-07-16T19:35:58.888Z
RMM-190,CXP Release - 07/30/2024,CXP,Team Connexpoint,Done,2024-07-30,07/30/2024,2024-Q3,,no,before_2025,2026-07-16T19:35:58.888Z
RMM-200,CXP Release - 08/06/2024,CXP,Team Connexpoint,Done,2024-08-06,08/06/2024,2024-Q3,,no,before_2025,2026-07-16T19:35:58.888Z
RMM-211,CXP Release - 08/13/2024,CXP,Team Connexpoint,Done,2024-08-13,08/13/2024,2024-Q3,,no,before_2025,2026-07-16T19:35:58.888Z
RMM-217,CXP Release - 08/20/2024 moved to 8/27,CXP,Team Connexpoint,Done,2024-08-20,08/20/2024,2024-Q3,,no,before_2025,2026-07-16T19:35:58.888Z
RMM-235,CXP: Sardine - Enable all Vanco Onine PCCTs - 08/21/24,CXP,Team Connexpoint,Done,2024-08-21,08/21/24,2024-Q3,,no,before_2025,2026-07-16T19:35:58.888Z
RMM-230,CXP Release - 08/27/2024,CXP,Team Connexpoint,Done,2024-08-27,08/27/2024,2024-Q3,,no,before_2025,2026-07-16T19:35:58.888Z
RMM-237,CXP Release - 09/03/2024,CXP,Team Connexpoint,Done,2024-09-03,09/03/2024,2024-Q3,,no,before_2025,2026-07-16T19:35:58.888Z
RMM-249,"CXP Emergency Sev 2 Remediation - Sept 5, 2024",CXP,Team Connexpoint,Done,2024-09-05,"Sept 5, 2024",2024-Q3,,no,before_2025,2026-07-16T19:35:58.888Z
RMM-246,CXP Release - 09/10/2024,CXP,Team Connexpoint,Done,2024-09-10,09/10/2024,2024-Q3,,no,before_2025,2026-07-16T19:35:58.888Z
RMM-251,CXP Release - 09/17/2024,CXP,Team Connexpoint,Done,2024-09-17,09/17/2024,2024-Q3,,no,before_2025,2026-07-16T19:35:58.888Z
RMM-255,"CXP Release - September 24, 2024",CXP,Team Connexpoint,Done,2024-09-24,"September 24, 2024",2024-Q3,,no,before_2025,2026-07-16T19:35:58.888Z
RMM-260,"CXP Release - October 1, 2024",CXP,Team Connexpoint,Done,2024-10-01,"October 1, 2024",2024-Q4,,no,before_2025,2026-07-16T19:35:58.888Z
RMM-271,"CXP - Sardine(Google reCAPTCHA) - Additional Logging - October 2, 2024",CXP,Team Connexpoint,Done,2024-10-02,"October 2, 2024",2024-Q4,,no,before_2025,2026-07-16T19:35:58.888Z
RMM-269,"CXP Release - October 9, 2024 (Previously 10/08/24)",CXP,Team Connexpoint,Done,2024-10-08,10/08/24,2024-Q4,,no,before_2025,2026-07-16T19:35:58.888Z
RMM-278,"CXP - Card Testing Remediation - October 9, 2024",CXP,Team Connexpoint,Done,2024-10-09,"October 9, 2024",2024-Q4,,no,before_2025,2026-07-16T19:35:58.888Z
RMM-273,"CXP Release - October 15, 2024",CXP,Team Connexpoint,Done,2024-10-15,"October 15, 2024",2024-Q4,,no,before_2025,2026-07-16T19:35:58.888Z
RMM-286,"CXP Release - October 22, 2024",CXP,Team Connexpoint,Done,2024-10-22,"October 22, 2024",2024-Q4,,no,before_2025,2026-07-16T19:35:58.888Z
RMM-292,"CXP Release - October 29, 2024",CXP,Team Connexpoint,Done,2024-10-29,"October 29, 2024",2024-Q4,,no,before_2025,2026-07-16T19:35:58.888Z
RMM-299,"CXP Release - November 5, 2024",CXP,Team Connexpoint,Done,2024-11-05,"November 5, 2024",2024-Q4,,no,before_2025,2026-07-16T19:35:58.888Z
RMM-309,CXP Database Update to Resolve Discover Downgrade Issue  - Freeze Exception Request (11/19/2024),CXP,Team Connexpoint,Done,2024-11-19,11/19/2024,2024-Q4,,no,before_2025,2026-07-16T19:35:58.888Z
RMM-317,"CXP - ES: Merge CPP related cards , December 5, 2024 - Freeze Exception Request",CXP,Team Connexpoint,Done,2024-12-05,"December 5, 2024",2024-Q4,,no,before_2025,2026-07-16T19:35:58.888Z
RMM-340,"CXP Release - Jan 14th, 2025",CXP,Team Connexpoint,Done,2025-01-14,"Jan 14th, 2025",2025-Q1,2025-Q1-S1,yes,,2026-07-16T19:35:58.888Z
RMM-351,"CXP Release - Jan 21st, 2025",CXP,Team Connexpoint,Done,2025-01-21,"Jan 21st, 2025",2025-Q1,2025-Q1-S2,yes,,2026-07-16T19:35:58.888Z
RMM-357,"CXP Release - Jan 28th, 2025",CXP,Team Connexpoint,Canceled,2025-01-28,"Jan 28th, 2025",2025-Q1,2025-Q1-S2,no,status_not_done,2026-07-16T19:35:58.888Z
RMM-364,"CXP Release - Feb 4th, 2025",CXP,Team Connexpoint,Done,2025-02-04,"Feb 4th, 2025",2025-Q1,2025-Q1-S3,yes,,2026-07-16T19:35:58.888Z
RMM-376,"CXP Release - Feb 11th, 2025",CXP,Team Connexpoint,Done,2025-02-11,"Feb 11th, 2025",2025-Q1,2025-Q1-S3,yes,,2026-07-16T19:35:58.888Z
RMM-392,"CXP Release - February 25, 2025",CXP,Team Connexpoint,Canceled,2025-02-25,"February 25, 2025",2025-Q1,2025-Q1-S4,no,status_not_done,2026-07-16T19:35:58.888Z
RMM-385,"CXP Release - March 4, 2025",CXP,Team Connexpoint,Done,2025-03-04,"March 4, 2025",2025-Q1,2025-Q1-S5,yes,,2026-07-16T19:35:58.888Z
RMM-400,"CXP Release - March 4, 2025",CXP,Team Connexpoint,Done,2025-03-04,"March 4, 2025",2025-Q1,2025-Q1-S5,yes,,2026-07-16T19:35:58.888Z
RMM-409,"CXP Release - March 11, 2025",CXP,Team Connexpoint,Done,2025-03-11,"March 11, 2025",2025-Q1,2025-Q1-S5,yes,,2026-07-16T19:35:58.888Z
RMM-414,"CXP Release - March 18th, 2025",CXP,Team Connexpoint,Done,2025-03-18,"March 18th, 2025",2025-Q1,2025-Q1-S6,yes,,2026-07-16T19:35:58.888Z
RMM-423,"CXP Release - March 25th, 2025",CXP,Team Connexpoint,Done,2025-03-25,"March 25th, 2025",2025-Q1,2025-Q1-S6,yes,,2026-07-16T19:35:58.888Z
RMM-430,"CXP Release - April 3, 2025",CXP,Team Connexpoint,Done,2025-04-03,"April 3, 2025",2025-Q2,2025-Q2-S1,yes,,2026-07-16T19:35:58.888Z
RMM-434,"CXP Release - April 8, 2025",CXP,Team Connexpoint,Done,2025-04-08,"April 8, 2025",2025-Q2,2025-Q2-S1,yes,,2026-07-16T19:35:58.888Z
RMM-444,"CXP Release - April 24th, 2025",CXP,Team Connexpoint,Done,2025-04-24,"April 24th, 2025",2025-Q2,2025-Q2-S2,yes,,2026-07-16T19:35:58.888Z
RMM-453,"CXP Release - April 29th, 2025",CXP,Team Connexpoint,Done,2025-04-29,"April 29th, 2025",2025-Q2,2025-Q2-S2,yes,,2026-07-16T19:35:58.888Z
RMM-457,"CXP Release - May 6th, 2025",CXP,Team Connexpoint,Done,2025-05-06,"May 6th, 2025",2025-Q2,2025-Q2-S3,yes,,2026-07-16T19:35:58.888Z
RMM-464,"CXP Release - May 13th, 2025",CXP,Team Connexpoint,Done,2025-05-13,"May 13th, 2025",2025-Q2,2025-Q2-S3,yes,,2026-07-16T19:35:58.888Z
RMM-468,"CXP Release - May 20th, 2025",CXP,Team Connexpoint,Done,2025-05-20,"May 20th, 2025",2025-Q2,2025-Q2-S4,yes,,2026-07-16T19:35:58.888Z
RMM-480,"CXP Release - May 27th, 2025",CXP,Team Connexpoint,Done,2025-05-27,"May 27th, 2025",2025-Q2,2025-Q2-S4,yes,,2026-07-16T19:35:58.888Z
RMM-487,CXP Release - June 3rd 2025,CXP,Team Connexpoint,Done,2025-06-03,June 3rd 2025,2025-Q2,2025-Q2-S5,yes,,2026-07-16T19:35:58.888Z
RMM-494,"CXP Release - June 10th, 2025",CXP,Team Connexpoint,Done,2025-06-10,"June 10th, 2025",2025-Q2,2025-Q2-S5,yes,,2026-07-16T19:35:58.888Z
RMM-502,"CXP Release - June 24th, 2025",CXP,Team Connexpoint,Done,2025-06-24,"June 24th, 2025",2025-Q2,2025-Q2-S6,yes,,2026-07-16T19:35:58.888Z
RMM-508,"CXP Release - July 1st, 2025",CXP,Team Connexpoint,Done,2025-07-01,"July 1st, 2025",2025-Q3,2025-Q3-S1,yes,,2026-07-16T19:35:58.888Z
RMM-512,"CXP Release - July 8th, 2025 -> July 10th, 2025",CXP,Team Connexpoint,Done,2025-07-10,"July 10th, 2025",2025-Q3,2025-Q3-S1,yes,,2026-07-16T19:35:58.888Z
RMM-517,"CXP Release - July 15th, 2025",CXP,Team Connexpoint,Canceled,2025-07-15,"July 15th, 2025",2025-Q3,2025-Q3-S1,no,status_not_done,2026-07-16T19:35:58.888Z
RMM-519,"CXP - Enterprise Services Layer (July 22, 2025)",CXP,Team Connexpoint,Canceled,2025-07-22,"July 22, 2025",2025-Q3,2025-Q3-S2,no,status_not_done,2026-07-16T19:35:58.888Z
RMM-523,"CXP Release - July 22, 2025",CXP,Team Connexpoint,Done,2025-07-22,"July 22, 2025",2025-Q3,2025-Q3-S2,yes,,2026-07-16T19:35:58.888Z
RMM-532,"CXP Release - July 29, 2025",CXP,Team Connexpoint,Done,2025-07-29,"July 29, 2025",2025-Q3,2025-Q3-S2,yes,,2026-07-16T19:35:58.888Z
RMM-538,"CXP Release - August 7, 2025",CXP,Team Connexpoint,Done,2025-08-07,"August 7, 2025",2025-Q3,2025-Q3-S3,yes,,2026-07-16T19:35:58.888Z
RMM-542,"CXP Release - August 12, 2025 (Abandoned)",CXP,Team Connexpoint,Canceled,2025-08-12,"August 12, 2025",2025-Q3,2025-Q3-S3,no,status_not_done,2026-07-16T19:35:58.888Z
RMM-549,"CXP Release - August 19, 2025",CXP,Team Connexpoint,Done,2025-08-19,"August 19, 2025",2025-Q3,2025-Q3-S4,yes,,2026-07-16T19:35:58.888Z
RMM-556,"CXP Release - August 28, 2025",CXP,Team Connexpoint,Done,2025-08-28,"August 28, 2025",2025-Q3,2025-Q3-S5,yes,,2026-07-16T19:35:58.888Z
RMM-565,"CXP Release - September 4, 2025",CXP,Team Connexpoint,Canceled,2025-09-04,"September 4, 2025",2025-Q3,2025-Q3-S5,no,status_not_done,2026-07-16T19:35:58.888Z
RMM-568,"CXP Release - September 11, 2025",CXP,Team Connexpoint,Done,2025-09-11,"September 11, 2025",2025-Q3,2025-Q3-S6,yes,,2026-07-16T19:35:58.888Z
RMM-574,"CXP Release - September 18, 2025",CXP,Team Connexpoint,Done,2025-09-18,"September 18, 2025",2025-Q3,2025-Q3-S6,yes,,2026-07-16T19:35:58.888Z
RMM-576,"CXP Release - September 25, 2025",CXP,Team Connexpoint,Done,2025-09-25,"September 25, 2025",2025-Q3,2025-Q3-S6,yes,,2026-07-16T19:35:58.888Z
RMM-586,"CXP Release - October 2, 2025",CXP,Team Connexpoint,Done,2025-10-02,"October 2, 2025",2025-Q4,2025-Q4-S1,yes,,2026-07-16T19:35:58.888Z
RMM-590,"CXP Release - October 9, 2025",CXP,Team Connexpoint,Done,2025-10-09,"October 9, 2025",2025-Q4,2025-Q4-S1,yes,,2026-07-16T19:35:58.888Z
RMM-599,"CXP - October 10, 2025 - Restart Processor- Recaptcha Whitelist for VE New URL for BOX Office",CXP,Team Connexpoint,Done,2025-10-10,"October 10, 2025",2025-Q4,2025-Q4-S1,yes,,2026-07-16T19:35:58.888Z
RMM-594,"CXP Release - October 16, 2025",CXP,Team Connexpoint,Done,2025-10-16,"October 16, 2025",2025-Q4,2025-Q4-S2,yes,,2026-07-16T19:35:58.888Z
RMM-604,"CXP Release - October 23, 2025",CXP,Team Connexpoint,Done,2025-10-23,"October 23, 2025",2025-Q4,2025-Q4-S2,yes,,2026-07-16T19:35:58.888Z
RMM-611,"CXP Release - November 4, 2025 > Moved to Nov 6 ",CXP,Team Connexpoint,Done,2025-11-04,"November 4, 2025",2025-Q4,2025-Q4-S3,yes,,2026-07-16T19:35:58.888Z
RMM-633,"CXP - Board to Litle Release - December 09, 2025",CXP,Team Connexpoint,Done,2025-12-09,"December 09, 2025",2025-Q4,2025-Q4-S5,yes,,2026-07-16T19:35:58.888Z
RMM-637,"CXP - (Non Release) Update Worldpay Presenter/API Credentials in App Settings - Jan 06, 2026 ",CXP,Team Connexpoint,Done,2026-01-06,"Jan 06, 2026",2026-Q1,2026-Q1-S1,yes,,2026-07-16T19:35:58.888Z
RMM-642,"CXP Release - January 13th, 2026 -> Jan 15, 2026",CXP,Team Connexpoint,Done,2026-01-15,"Jan 15, 2026",2026-Q1,2026-Q1-S1,yes,,2026-07-16T19:35:58.888Z
RMM-646,"CXP Release - January 20th, 2026  > Jan 22, 2026",CXP,Team Connexpoint,Done,2026-01-22,"Jan 22, 2026",2026-Q1,2026-Q1-S2,yes,,2026-07-16T19:35:58.888Z
RMM-651,"CXP Release - January 27, 2026",CXP,Team Connexpoint,Done,2026-01-27,"January 27, 2026",2026-Q1,2026-Q1-S2,yes,,2026-07-16T19:35:58.888Z
RMM-659,"CXP: Board-to-Litle app update: Required for RedCRM Migration - January 28th, 2026",CXP,Team Connexpoint,Done,2026-01-28,"January 28th, 2026",2026-Q1,2026-Q1-S2,yes,,2026-07-16T19:35:58.888Z
RMM-652,"CXP - RedCRM Migration - February 01, 2026",CXP,Team Connexpoint,Canceled,2026-02-01,"February 01, 2026",2026-Q1,2026-Q1-S2,no,status_not_done,2026-07-16T19:35:58.888Z
RMM-634,"CXP - ES Release - Feb. 05, 2026",CXP,Team Connexpoint,Done,2026-02-05,"Feb. 05, 2026",2026-Q1,2026-Q1-S3,yes,,2026-07-16T19:35:58.888Z
RMM-657,"CXP Release - February 5, 2026 ",CXP,Team Connexpoint,Done,2026-02-05,"February 5, 2026",2026-Q1,2026-Q1-S3,yes,,2026-07-16T19:35:58.888Z
RMM-665,"CXP Release - February 12th, 2026",CXP,Team Connexpoint,Done,2026-02-12,"February 12th, 2026",2026-Q1,2026-Q1-S3,yes,,2026-07-16T19:35:58.888Z
RMM-666,"CXP Release - February 19th, 2026",CXP,Team Connexpoint,Done,2026-02-19,"February 19th, 2026",2026-Q1,2026-Q1-S4,yes,,2026-07-16T19:35:58.888Z
RMM-672,"CXP Release - February 26, 2026",CXP,Team Connexpoint,Done,2026-02-26,"February 26, 2026",2026-Q1,2026-Q1-S4,yes,,2026-07-16T19:35:58.888Z
RMM-678,"CXP Release - March 5th, 2026",CXP,Team Connexpoint,Done,2026-03-05,"March 5th, 2026",2026-Q1,2026-Q1-S5,yes,,2026-07-16T19:35:58.888Z
RMM-681,"CXP Release - March 12, 2026",CXP,Team Connexpoint,Done,2026-03-12,"March 12, 2026",2026-Q1,2026-Q1-S5,yes,,2026-07-16T19:35:58.888Z
RMM-685,"CXP Release March 19, 2026",CXP,Team Connexpoint,Done,2026-03-19,"March 19, 2026",2026-Q1,2026-Q1-S6,yes,,2026-07-16T19:35:58.888Z
RMM-688,"CXP Release - March 26, 2026",CXP,Team Connexpoint,Done,2026-03-26,"March 26, 2026",2026-Q1,2026-Q1-S6,yes,,2026-07-16T19:35:58.888Z
RMM-694,"CXP Release - April 9, 2026",CXP,Team Connexpoint,Done,2026-04-09,"April 9, 2026",2026-Q2,2026-Q2-S1,yes,,2026-07-16T19:35:58.888Z
RMM-700,"CXP Release - April 16th, 2026",CXP,Team Connexpoint,Done,2026-04-16,"April 16th, 2026",2026-Q2,2026-Q2-S1,yes,,2026-07-16T19:35:58.888Z
RMM-701,"CXP Release - April 23, 2026",CXP,Team Connexpoint,Done,2026-04-23,"April 23, 2026",2026-Q2,2026-Q2-S2,yes,,2026-07-16T19:35:58.888Z
RMM-704,"CXP Release - April 30th, 2026",CXP,Team Connexpoint,Done,2026-04-30,"April 30th, 2026",2026-Q2,2026-Q2-S2,yes,,2026-07-16T19:35:58.888Z
RMM-711,"CXP Release - May 7, 2026",CXP,Team Connexpoint,Done,2026-05-07,"May 7, 2026",2026-Q2,2026-Q2-S3,yes,,2026-07-16T19:35:58.888Z
RMM-715,"CXP Release - May 14, 2026",CXP,Team Connexpoint,Done,2026-05-14,"May 14, 2026",2026-Q2,2026-Q2-S3,yes,,2026-07-16T19:35:58.888Z
RMM-720,"CXP Release - May 28, 2026",CXP,Team Connexpoint,Done,2026-05-28,"May 28, 2026",2026-Q2,2026-Q2-S4,yes,,2026-07-16T19:35:58.888Z
RMM-723,"CXP Release - June 4, 2026",CXP,Team Connexpoint,Done,2026-06-04,"June 4, 2026",2026-Q2,2026-Q2-S5,yes,,2026-07-16T19:35:58.888Z
RMM-725,"CXP Release - June 11, 2026",CXP,Team Connexpoint,Done,2026-06-11,"June 11, 2026",2026-Q2,2026-Q2-S5,yes,,2026-07-16T19:35:58.888Z
RMM-731,"CXP Release (Hot Fixes) - June 16, 2026 ",CXP,Team Connexpoint,Done,2026-06-16,"June 16, 2026",2026-Q2,2026-Q2-S5,yes,,2026-07-16T19:35:58.888Z
RMM-732,"CXP Release - June 25, 2026",CXP,Team Connexpoint,Done,2026-06-25,"June 25, 2026",2026-Q2,2026-Q2-S6,yes,,2026-07-16T19:35:58.888Z
RMM-745,"CXP Release - July 9th, 2026",CXP,Team Connexpoint,Done,2026-07-09,"July 9th, 2026",2026-Q3,2026-Q3-S1,yes,,2026-07-16T19:35:58.888Z
RMM-103,Webstore - Release 2024.07 - May 13th,Webstore,Team Webstore,Done,,,,,no,missing_or_invalid_title_date,2026-07-16T19:35:58.888Z
RMM-133,Webstore 2024.08 - 4th June,Webstore,Team Webstore,Done,,,,,no,missing_or_invalid_title_date,2026-07-16T19:35:58.888Z
RMM-157,Webstore - Emergency Change,Webstore,Team Webstore,Done,,,,,no,missing_or_invalid_title_date,2026-07-16T19:35:58.888Z
RMM-163,Webstore 2024.10 - 2nd July,Webstore,Team Webstore,Done,,,,,no,missing_or_invalid_title_date,2026-07-16T19:35:58.888Z
RMM-174,Webstore 2024.11 - July 16th,Webstore,Team Webstore,Done,,,,,no,missing_or_invalid_title_date,2026-07-16T19:35:58.888Z
RMM-192,Webstore 2024.11 - July 30th,Webstore,Team Webstore,Done,,,,,no,missing_or_invalid_title_date,2026-07-16T19:35:58.888Z
RMM-219,Webstore 2024.13 - August 27th,Webstore,Team Webstore,Done,,,,,no,missing_or_invalid_title_date,2026-07-16T19:35:58.888Z
RMM-243,Webstore 13.1 - Hotfix,Webstore,Team Webstore,Done,,,,,no,missing_or_invalid_title_date,2026-07-16T19:35:58.888Z
RMM-244,Webstore 2024.14 - September 12th,Webstore,Team Webstore,Done,,,,,no,missing_or_invalid_title_date,2026-07-16T19:35:58.888Z
RMM-262,Webstore - One Roster hotfix - Oct 3rd,Webstore,Team Webstore,Done,,,,,no,missing_or_invalid_title_date,2026-07-16T19:35:58.888Z
RMM-268,Webstore 2024.15 - October 10th,Webstore,Team Webstore,Done,,,,,no,missing_or_invalid_title_date,2026-07-16T19:35:58.888Z
RMM-283,Webstore 2024.26 - October 23rd,Webstore,Team Webstore,Done,,,,,no,missing_or_invalid_title_date,2026-07-16T19:35:58.888Z
RMM-302,Webstore 2024.17 - November 13th,Webstore,Team Webstore,Done,,,,,no,missing_or_invalid_title_date,2026-07-16T19:35:58.888Z
RMM-4,Webstore.2024.01.1 Hotfix Release,Webstore,Team Webstore,Done,,,,,no,missing_or_invalid_title_date,2026-07-16T19:35:58.888Z
RMM-438,Webstore 2025.04,Webstore,Team Webstore,Done,,,,,no,missing_or_invalid_title_date,2026-07-16T19:35:58.888Z
RMM-619,Webstore 2025.11.01 : 11/0/2025,Webstore,Team Webstore,Done,,,,,no,missing_or_invalid_title_date,2026-07-16T19:35:58.888Z
RMM-649,Webstore 2026.01 : 01/27/202,Webstore,Team Webstore,Done,,,,,no,missing_or_invalid_title_date,2026-07-16T19:35:58.888Z
RMM-671,Webstore - New UI Wave 2.1 enablement,Webstore,Team Webstore,Done,,,,,no,missing_or_invalid_title_date,2026-07-16T19:35:58.888Z
RMM-682,Webstore - New UI Wave 2.2 enablement,Webstore,Team Webstore,Done,,,,,no,missing_or_invalid_title_date,2026-07-16T19:35:58.888Z
RMM-692,Webstore - New UI Wave 2.3 enablement,Webstore,Team Webstore,Done,,,,,no,missing_or_invalid_title_date,2026-07-16T19:35:58.888Z
RMM-709,Webstore - New UI Wave 3 enablement,Webstore,Team Webstore,Done,,,,,no,missing_or_invalid_title_date,2026-07-16T19:35:58.888Z
RMM-336,Webstore 2024.19.1 : 01/06/2023,Webstore,Team Webstore,Done,2023-01-06,01/06/2023,2023-Q1,,no,before_2025,2026-07-16T19:35:58.888Z
RMM-14,Webstore - Release Webstore 2024.02 - Feb 15th 2024,Webstore,Team Webstore,Done,2024-02-15,Feb 15th 2024,2024-Q1,,no,before_2025,2026-07-16T19:35:58.888Z
RMM-37,Webstore - Release Webstore 2024.03 - March 5th 2024,Webstore,Team Webstore,Done,2024-03-05,March 5th 2024,2024-Q1,,no,before_2025,2026-07-16T19:35:58.888Z
RMM-53,Webstore - Release 2024.04 - March 14th 2024,Webstore,Team Webstore,Done,2024-03-14,March 14th 2024,2024-Q1,,no,before_2025,2026-07-16T19:35:58.888Z
RMM-75,Webstore - Release 2024.05 - April 2nd 2024,Webstore,Team Webstore,Done,2024-04-02,April 2nd 2024,2024-Q2,,no,before_2025,2026-07-16T19:35:58.888Z
RMM-92,Webstore - Release 2024.06 - April 11th 2024,Webstore,Team Webstore,Done,2024-04-11,April 11th 2024,2024-Q2,,no,before_2025,2026-07-16T19:35:58.888Z
RMM-152,"Webstore - Release 2024.09 - June 20th, 2024",Webstore,Team Webstore,Done,2024-06-20,"June 20th, 2024",2024-Q2,,no,before_2025,2026-07-16T19:35:58.888Z
RMM-216,Webstore - Reports fix - 08/09/2024,Webstore,Team Webstore,Done,2024-08-09,08/09/2024,2024-Q3,,no,before_2025,2026-07-16T19:35:58.888Z
RMM-330,"Webstore 2024.18 - December 11, 2024",Webstore,Team Webstore,Done,2024-12-11,"December 11, 2024",2024-Q4,,no,before_2025,2026-07-16T19:35:58.888Z
RMM-335,Webstore 2024.19 - 12/18/2024,Webstore,Team Webstore,Done,2024-12-18,12/18/2024,2024-Q4,,no,before_2025,2026-07-16T19:35:58.888Z
RMM-350,Webstore 2025.01 - 01/23/2025,Webstore,Team Webstore,Done,2025-01-23,01/23/2025,2025-Q1,2025-Q1-S2,yes,,2026-07-16T19:35:58.888Z
RMM-389,Webstore 2025.02 : 02/20/2025,Webstore,Team Webstore,Done,2025-02-20,02/20/2025,2025-Q1,2025-Q1-S4,yes,,2026-07-16T19:35:58.888Z
RMM-416,"Webstore 2025.03 - March 19 , 2025",Webstore,Team Webstore,Done,2025-03-19,"March 19 , 2025",2025-Q1,2025-Q1-S6,yes,,2026-07-16T19:35:58.888Z
RMM-452,Webstore 2025.04.01 : 04/17/2025 hotfix,Webstore,Team Webstore,Done,2025-04-17,04/17/2025,2025-Q2,2025-Q2-S2,yes,,2026-07-16T19:35:58.888Z
RMM-456,Webstore 2025.05 : 05/08/2025,Webstore,Team Webstore,Done,2025-05-08,05/08/2025,2025-Q2,2025-Q2-S3,yes,,2026-07-16T19:35:58.888Z
RMM-475,Webstore 2025.05.01 : 05/16/2025 HotFix,Webstore,Team Webstore,Done,2025-05-16,05/16/2025,2025-Q2,2025-Q2-S4,yes,,2026-07-16T19:35:58.888Z
RMM-476,Webstore 2025.06 : 05/28/2025,Webstore,Team Webstore,Done,2025-05-28,05/28/2025,2025-Q2,2025-Q2-S4,yes,,2026-07-16T19:35:58.888Z
RMM-499,Webstore 2025.06.01 - 06/13/2025,Webstore,Team Webstore,Done,2025-06-13,06/13/2025,2025-Q2,2025-Q2-S6,yes,,2026-07-16T19:35:58.888Z
RMM-503,Webstore - PS Wedge Deployment: 06/16/2025,Webstore,Team Webstore,Done,2025-06-16,06/16/2025,2025-Q2,2025-Q2-S6,yes,,2026-07-16T19:35:58.888Z
RMM-513,Webstore 2025.07.01 : 06/26/2025,Webstore,Team Webstore,Done,2025-06-26,06/26/2025,2025-Q2,2025-Q2-S6,yes,,2026-07-16T19:35:58.888Z
RMM-504,Webstore 2025.07 : 07/10/2025,Webstore,Team Webstore,Done,2025-07-10,07/10/2025,2025-Q3,2025-Q3-S1,yes,,2026-07-16T19:35:58.888Z
RMM-525,Webstore 2025.08 : 07/24/2025,Webstore,Team Webstore,Done,2025-07-24,07/24/2025,2025-Q3,2025-Q3-S2,yes,,2026-07-16T19:35:58.888Z
RMM-548,Webstore 2025.09: 08/12/2025,Webstore,Team Webstore,Done,2025-08-12,08/12/2025,2025-Q3,2025-Q3-S3,yes,,2026-07-16T19:35:58.888Z
RMM-559,Webstore 2025.10 : 09/16/2025,Webstore,Team Webstore,Done,2025-09-16,09/16/2025,2025-Q3,2025-Q3-S6,yes,,2026-07-16T19:35:58.888Z
RMM-589,Webstore 2025.10.02: 09/30/2025,Webstore,Team Webstore,Done,2025-09-30,09/30/2025,2025-Q3,2025-Q3-S6,yes,,2026-07-16T19:35:58.888Z
RMM-597,Webstore 2025.11 : 10/16/2025,Webstore,Team Webstore,Done,2025-10-16,10/16/2025,2025-Q4,2025-Q4-S2,yes,,2026-07-16T19:35:58.888Z
RMM-623,Webstore 2025.11.01 : 11/11/2025 - Hotfix,Webstore,Team Webstore,Done,2025-11-11,11/11/2025,2025-Q4,2025-Q4-S3,yes,,2026-07-16T19:35:58.888Z
RMM-629,Webstore 2025.12 : 12/02/2025,Webstore,Team Webstore,Done,2025-12-02,12/02/2025,2025-Q4,2025-Q4-S5,yes,,2026-07-16T19:35:58.888Z
RMM-663,Webstore 2026.02 : 02/12/2026,Webstore,Team Webstore,Done,2026-02-12,02/12/2026,2026-Q1,2026-Q1-S3,yes,,2026-07-16T19:35:58.888Z
RMM-667,Webstore 2026.03 (Assignments Pt. 1) : 03/03/2026,Webstore,Team Webstore,Done,2026-03-03,03/03/2026,2026-Q1,2026-Q1-S4,yes,,2026-07-16T19:35:58.888Z
RMM-686,Webstore 2026.04 (Assignments Pt. 2 : 04/02/2026),Webstore,Team Webstore,Done,2026-04-02,04/02/2026,2026-Q2,2026-Q2-S1,yes,,2026-07-16T19:35:58.888Z
RMM-702,Webstore 2026.05: 04/30/2026,Webstore,Team Webstore,Done,2026-04-30,04/30/2026,2026-Q2,2026-Q2-S2,yes,,2026-07-16T19:35:58.888Z
RMM-719,Webstore 2026.06: 06/04/2026,Webstore,Team Webstore,Done,2026-06-04,06/04/2026,2026-Q2,2026-Q2-S5,yes,,2026-07-16T19:35:58.888Z
RMM-747,Webstore 2026.07: 07/1/2026,Webstore,Team Webstore,Approved,2026-07-01,07/1/2026,2026-Q3,2026-Q3-S1,no,status_not_done,2026-07-16T19:35:58.888Z
RMM-757,Webstore 2026.07.01 07/16/2026,Webstore,Team Webstore,Approved,2026-07-16,07/16/2026,2026-Q3,2026-Q3-S1,no,status_not_done,2026-07-16T19:35:58.888Z
